{"stats":{"minecraft:mined":{"minecraft:grass_block":2,"minecraft:stone":14,"minecraft:dirt":5},"minecraft:custom":{"minecraft:jump":50,"minecraft:time_since_rest":23959,"minecraft:sprint_one_cm":7752,"minecraft:play_time":23959,"minecraft:damage_taken":155,"minecraft:time_since_death":23959,"minecraft:walk_one_cm":3534,"minecraft:total_world_time":23959,"minecraft:fall_one_cm":12907,"minecraft:fly_one_cm":15869},"minecraft:picked_up":{"minecraft:golden_apple":2,"minecraft:dandelion":1,"minecraft:dirt":7,"minecraft:cobblestone":14},"minecraft:used":{"minecraft:stone_pickaxe":16,"minecraft:golden_apple":2,"minecraft:dirt":4,"minecraft:cobblestone":14}},"DataVersion":3465}