{"stats":{"minecraft:mined":{"minecraft:grass_block":2,"minecraft:stone":14,"minecraft:dirt":5},"minecraft:custom":{"minecraft:jump":35,"minecraft:time_since_rest":11959,"minecraft:sprint_one_cm":7155,"minecraft:play_time":11959,"minecraft:damage_taken":20,"minecraft:time_since_death":11959,"minecraft:walk_one_cm":2134,"minecraft:total_world_time":11959,"minecraft:fall_one_cm":8769,"minecraft:fly_one_cm":13388},"minecraft:picked_up":{"minecraft:dandelion":1,"minecraft:dirt":7,"minecraft:cobblestone":14},"minecraft:used":{"minecraft:stone_pickaxe":16,"minecraft:cobblestone":14}},"DataVersion":3465}