{"stats":{"minecraft:picked_up":{"minecraft:stick":1,"minecraft:andesite":6,"minecraft:stripped_spruce_log":1,"minecraft:oak_log":1,"minecraft:spruce_log":6,"minecraft:dirt":34,"minecraft:raw_copper":19,"minecraft:apple":1,"minecraft:wheat_seeds":1,"minecraft:spruce_planks":36,"minecraft:golden_apple":7,"minecraft:oak_sapling":1,"minecraft:mutton":1,"minecraft:coal":29,"minecraft:white_wool":1,"minecraft:cobblestone":40},"minecraft:crafted":{"minecraft:crafting_table":1,"minecraft:spruce_planks":24,"minecraft:stick":16,"minecraft:torch":16},"minecraft:used":{"minecraft:apple":1,"minecraft:stone_sword":4,"minecraft:stone_pickaxe":100,"minecraft:stone_axe":11,"minecraft:torch":2,"minecraft:golden_apple":4,"minecraft:cobblestone":6,"minecraft:crafting_table":1},"minecraft:mined":{"minecraft:spruce_log":7,"minecraft:andesite":6,"minecraft:stripped_spruce_log":1,"minecraft:grass":1,"minecraft:grass_block":5,"minecraft:coal_ore":29,"minecraft:dirt":10,"minecraft:copper_ore":5,"minecraft:spruce_leaves":5,"minecraft:stone":40,"minecraft:oak_leaves":1},"minecraft:killed":{"minecraft:sheep":1},"minecraft:custom":{"minecraft:time_since_rest":2293,"minecraft:sprint_one_cm":76403,"minecraft:damage_taken":720,"minecraft:damage_absorbed":130,"minecraft:walk_one_cm":65026,"minecraft:mob_kills":1,"minecraft:drop":2,"minecraft:damage_dealt":171,"minecraft:swim_one_cm":3091,"minecraft:interact_with_crafting_table":1,"minecraft:fly_one_cm":19291,"minecraft:crouch_one_cm":173,"minecraft:play_time":31126,"minecraft:deaths":2,"minecraft:sneak_time":546,"minecraft:walk_under_water_one_cm":17094,"minecraft:jump":173,"minecraft:leave_game":6,"minecraft:time_since_death":2211,"minecraft:walk_on_water_one_cm":1924,"minecraft:total_world_time":31126,"minecraft:fall_one_cm":2992},"minecraft:dropped":{"minecraft:spruce_planks":36}},"DataVersion":3465}