{"stats":{"minecraft:picked_up":{"minecraft:birch_log":5,"minecraft:raw_iron":4,"minecraft:stick":12,"minecraft:crafting_table":3,"minecraft:chicken":1,"minecraft:oak_log":54,"minecraft:dirt":13,"minecraft:rotten_flesh":10,"minecraft:apple":14,"minecraft:hay_block":9,"minecraft:golden_apple":14,"minecraft:oak_sapling":15,"minecraft:mutton":1,"minecraft:coal":39,"minecraft:cobblestone":33,"minecraft:white_wool":1},"minecraft:crafted":{"minecraft:wooden_sword":1,"minecraft:oak_planks":72,"minecraft:crafting_table":3,"minecraft:stick":80,"minecraft:wooden_pickaxe":2,"minecraft:stone_pickaxe":2,"minecraft:wooden_axe":1,"minecraft:stone_sword":2,"minecraft:furnace":2,"minecraft:torch":12,"minecraft:stone_axe":2,"minecraft:bread":27,"minecraft:wheat":81},"minecraft:used":{"minecraft:bread":2,"minecraft:stone_pickaxe":67,"minecraft:oak_planks":1,"minecraft:wooden_pickaxe":9,"minecraft:leather_boots":1,"minecraft:torch":4,"minecraft:stone_axe":84,"minecraft:white_wool":1,"minecraft:golden_apple":6,"minecraft:wooden_sword":18,"minecraft:cobblestone":1,"minecraft:crafting_table":4,"minecraft:oak_sapling":15,"minecraft:birch_log":5},"minecraft:killed":{"minecraft:sheep":1,"minecraft:zombie":11,"minecraft:zombie_villager":1,"minecraft:spider":1},"minecraft:mined":{"minecraft:hay_block":9,"minecraft:birch_log":5,"minecraft:iron_ore":4,"minecraft:birch_leaves":5,"minecraft:crafting_table":3,"minecraft:grass":4,"minecraft:coal_ore":39,"minecraft:oak_log":54,"minecraft:tall_grass":1,"minecraft:stone":33,"minecraft:oak_leaves":55},"minecraft:custom":{"minecraft:time_since_rest":17847,"minecraft:sprint_one_cm":136472,"minecraft:damage_absorbed":86,"minecraft:damage_taken":496,"minecraft:walk_one_cm":67954,"minecraft:mob_kills":14,"minecraft:drop":5,"minecraft:damage_dealt":2806,"minecraft:crouch_one_cm":423,"minecraft:swim_one_cm":5942,"minecraft:interact_with_crafting_table":11,"minecraft:fly_one_cm":181141,"minecraft:open_chest":3,"minecraft:deaths":1,"minecraft:play_time":37321,"minecraft:sneak_time":258,"minecraft:walk_under_water_one_cm":228,"minecraft:jump":698,"minecraft:walk_on_water_one_cm":1615,"minecraft:time_since_death":17813,"minecraft:total_world_time":37321,"minecraft:damage_resisted":138,"minecraft:fall_one_cm":20843},"minecraft:killed_by":{"minecraft:skeleton":1},"minecraft:dropped":{"minecraft:stone_sword":1,"minecraft:wooden_axe":1,"minecraft:wooden_sword":1,"minecraft:wooden_pickaxe":2}},"DataVersion":3465}