{"stats":{"minecraft:picked_up":{"minecraft:crafting_table":1,"minecraft:brown_wool":1,"minecraft:wheat_seeds":2,"minecraft:dandelion":1,"minecraft:iron_ingot":5,"minecraft:oak_log":15,"minecraft:mutton":7,"minecraft:oak_planks":2,"minecraft:white_wool":3},"minecraft:crafted":{"minecraft:oak_planks":32,"minecraft:shield":1,"minecraft:crafting_table":1,"minecraft:stick":4,"minecraft:iron_pickaxe":1},"minecraft:used":{"minecraft:stone_axe":86,"minecraft:crafting_table":1,"minecraft:iron_pickaxe":7,"minecraft:stone_pickaxe":12,"minecraft:oak_planks":6},"minecraft:killed":{"minecraft:sheep":4,"minecraft:iron_golem":1},"minecraft:mined":{"minecraft:grass":33,"minecraft:oak_log":15,"minecraft:tall_grass":8,"minecraft:dandelion":1,"minecraft:oak_planks":2,"minecraft:crafting_table":1},"minecraft:custom":{"minecraft:time_since_rest":6654,"minecraft:crouch_one_cm":380,"minecraft:damage_taken":70,"minecraft:play_time":6654,"minecraft:sprint_one_cm":37805,"minecraft:walk_one_cm":13478,"minecraft:sneak_time":626,"minecraft:mob_kills":5,"minecraft:jump":198,"minecraft:damage_dealt":1222,"minecraft:time_since_death":6654,"minecraft:total_world_time":6654,"minecraft:interact_with_crafting_table":1,"minecraft:fall_one_cm":5576,"minecraft:fly_one_cm":50570}},"DataVersion":3465}