{"stats":{"minecraft:picked_up":{"minecraft:crafting_table":2,"minecraft:azure_bluet":1,"minecraft:andesite":1,"minecraft:flint":1,"minecraft:tuff":10,"minecraft:oak_log":20,"minecraft:gunpowder":1,"minecraft:lapis_lazuli":39,"minecraft:dirt":2,"minecraft:bone":4,"minecraft:apple":6,"minecraft:bow":1,"minecraft:cobbled_deepslate":63,"minecraft:raw_gold":1,"minecraft:furnace":1,"minecraft:raw_iron":61,"minecraft:gravel":11,"minecraft:spruce_sapling":1,"minecraft:diorite":2,"minecraft:spruce_log":14,"minecraft:redstone":18,"minecraft:arrow":4,"minecraft:rotten_flesh":6,"minecraft:diamond":1,"minecraft:granite":3,"minecraft:golden_apple":2,"minecraft:oak_sapling":3,"minecraft:coal":3,"minecraft:cobblestone":61},"minecraft:crafted":{"minecraft:crafting_table":1,"minecraft:spruce_planks":56,"minecraft:iron_helmet":1,"minecraft:furnace":1,"minecraft:air":0,"minecraft:iron_chestplate":1,"minecraft:iron_boots":1,"minecraft:shield":2,"minecraft:stick":4,"minecraft:iron_ingot":23,"minecraft:iron_pickaxe":1},"minecraft:used":{"minecraft:stone_sword":35,"minecraft:stone_pickaxe":123,"minecraft:spruce_planks":6,"minecraft:shield":4,"minecraft:golden_apple":8,"minecraft:crafting_table":3,"minecraft:apple":2,"minecraft:iron_pickaxe":111,"minecraft:stone_axe":49,"minecraft:cobblestone":3,"minecraft:furnace":1,"minecraft:cobbled_deepslate":4},"minecraft:killed":{"minecraft:creeper":1,"minecraft:skeleton":2,"minecraft:zombie":5},"minecraft:custom":{"minecraft:interact_with_furnace":13,"minecraft:mob_kills":8,"minecraft:interact_with_crafting_table":9,"minecraft:leave_game":1,"minecraft:time_since_death":49028,"minecraft:time_since_rest":49028,"minecraft:sprint_one_cm":163586,"minecraft:walk_one_cm":63466,"minecraft:damage_taken":421,"minecraft:damage_absorbed":80,"minecraft:damage_blocked_by_shield":600,"minecraft:drop":3,"minecraft:damage_dealt":1552,"minecraft:swim_one_cm":903,"minecraft:fly_one_cm":150546,"minecraft:open_chest":2,"minecraft:crouch_one_cm":130,"minecraft:play_time":49028,"minecraft:sneak_time":171,"minecraft:walk_under_water_one_cm":176,"minecraft:jump":583,"minecraft:walk_on_water_one_cm":4795,"minecraft:total_world_time":49028,"minecraft:fall_one_cm":15232},"minecraft:mined":{"minecraft:deepslate_redstone_ore":4,"minecraft:tuff":11,"minecraft:deepslate_diamond_ore":1,"minecraft:crafting_table":2,"minecraft:granite":3,"minecraft:tall_grass":1,"minecraft:spruce_leaves":7,"minecraft:deepslate_gold_ore":1,"minecraft:diorite":2,"minecraft:spawner":1,"minecraft:furnace":1,"minecraft:iron_ore":1,"minecraft:spruce_log":15,"minecraft:andesite":1,"minecraft:deepslate_lapis_ore":6,"minecraft:azure_bluet":1,"minecraft:grass":1,"minecraft:coal_ore":3,"minecraft:oak_log":20,"minecraft:deepslate_iron_ore":60,"minecraft:gravel":12,"minecraft:dirt":2,"minecraft:stone":61,"minecraft:oak_leaves":11,"minecraft:deepslate":63},"minecraft:dropped":{"minecraft:azure_bluet":1,"minecraft:shield":1,"minecraft:stone_pickaxe":1}},"DataVersion":3465}