{"stats":{"minecraft:mined":{"minecraft:stone":5,"minecraft:iron_ore":1},"minecraft:crafted":{"minecraft:golden_apple":8,"minecraft:gold_block":3},"minecraft:custom":{"minecraft:jump":36,"minecraft:time_since_rest":40591,"minecraft:sprint_one_cm":7535,"minecraft:play_time":40591,"minecraft:damage_taken":20,"minecraft:time_since_death":40591,"minecraft:walk_one_cm":5375,"minecraft:sneak_time":13,"minecraft:total_world_time":40591,"minecraft:interact_with_crafting_table":3,"minecraft:fall_one_cm":1376,"minecraft:fly_one_cm":18207},"minecraft:picked_up":{"minecraft:raw_iron":1,"minecraft:cobblestone":5},"minecraft:used":{"minecraft:stone_pickaxe":6,"minecraft:golden_apple":2,"minecraft:flint_and_steel":11,"minecraft:crafting_table":1,"minecraft:obsidian":32}},"DataVersion":3465}