{"stats":{"minecraft:mined":{"minecraft:iron_ore":1,"minecraft:stone":5},"minecraft:crafted":{"minecraft:gold_block":3,"minecraft:golden_apple":8},"minecraft:killed":{"minecraft:spider":1,"minecraft:skeleton":1,"minecraft:sheep":4,"minecraft:zombie":4,"minecraft:creeper":2},"minecraft:custom":{"minecraft:time_since_rest":52591,"minecraft:play_time":52591,"minecraft:sprint_one_cm":17978,"minecraft:damage_taken":20,"minecraft:walk_one_cm":11834,"minecraft:sneak_time":13,"minecraft:mob_kills":12,"minecraft:drop":2,"minecraft:jump":112,"minecraft:damage_dealt":1879,"minecraft:time_since_death":52591,"minecraft:total_world_time":52591,"minecraft:interact_with_crafting_table":3,"minecraft:fall_one_cm":1376,"minecraft:fly_one_cm":41474},"minecraft:dropped":{"minecraft:golden_apple":2},"minecraft:picked_up":{"minecraft:raw_iron":1,"minecraft:bone":1,"minecraft:arrow":2,"minecraft:rotten_flesh":3,"minecraft:gunpowder":2,"minecraft:mutton":6,"minecraft:white_wool":4,"minecraft:cobblestone":5},"minecraft:used":{"minecraft:stone_axe":19,"minecraft:golden_apple":2,"minecraft:flint_and_steel":13,"minecraft:crafting_table":1,"minecraft:stone_pickaxe":6,"minecraft:obsidian":32}},"DataVersion":3465}