{"stats":{"minecraft:picked_up":{"minecraft:azure_bluet":1},"minecraft:mined":{"minecraft:tall_grass":1,"minecraft:grass":1,"minecraft:azure_bluet":1},"minecraft:custom":{"minecraft:jump":146,"minecraft:time_since_rest":13028,"minecraft:walk_on_water_one_cm":326,"minecraft:sprint_one_cm":78612,"minecraft:leave_game":1,"minecraft:play_time":13028,"minecraft:time_since_death":13028,"minecraft:walk_one_cm":8376,"minecraft:total_world_time":13028,"minecraft:fall_one_cm":4314,"minecraft:fly_one_cm":49885}},"DataVersion":3465}