{"stats":{"minecraft:picked_up":{"minecraft:crafting_table":2,"minecraft:splash_potion":1,"minecraft:ladder":3,"minecraft:andesite":3,"minecraft:brown_wool":1,"minecraft:oak_log":2,"minecraft:brewing_stand":1,"minecraft:lapis_lazuli":6,"minecraft:dirt":7,"minecraft:string":1,"minecraft:red_bed":1,"minecraft:raw_copper":5,"minecraft:white_carpet":5,"minecraft:oak_sign":1,"minecraft:apple":2,"minecraft:spruce_planks":3,"minecraft:iron_ingot":4,"minecraft:poppy":2,"minecraft:light_gray_wool":4,"minecraft:spruce_slab":1,"minecraft:chest":1,"minecraft:raw_iron":40,"minecraft:sweet_berries":50,"minecraft:spruce_stairs":2,"minecraft:porkchop":19,"minecraft:blast_furnace":1,"minecraft:white_bed":2,"minecraft:spruce_log":19,"minecraft:stone_sword":1,"minecraft:rotten_flesh":5,"minecraft:black_wool":1,"minecraft:mutton":15,"minecraft:coal":15,"minecraft:iron_bars":2,"minecraft:white_wool":13,"minecraft:cobblestone":21},"minecraft:crafted":{"minecraft:oak_planks":8,"minecraft:crafting_table":1,"minecraft:spruce_planks":40,"minecraft:furnace":1,"minecraft:bucket":1,"minecraft:air":0,"minecraft:iron_chestplate":1,"minecraft:shield":1,"minecraft:stick":4,"minecraft:iron_ingot":11,"minecraft:iron_pickaxe":1},"minecraft:used":{"minecraft:water_bucket":3,"minecraft:stone_sword":75,"minecraft:stone_pickaxe":86,"minecraft:ladder":3,"minecraft:spruce_planks":18,"minecraft:shield":24,"minecraft:white_wool":7,"minecraft:golden_apple":1,"minecraft:dirt":4,"minecraft:crafting_table":3,"minecraft:apple":6,"minecraft:iron_pickaxe":1,"minecraft:stone_axe":78,"minecraft:light_gray_wool":2,"minecraft:cobblestone":11,"minecraft:sweet_berries":1,"minecraft:furnace":1,"minecraft:bucket":4},"minecraft:killed":{"minecraft:pig":8,"minecraft:zombie_villager":1,"minecraft:iron_golem":1,"minecraft:creeper":1,"minecraft:sheep":8,"minecraft:zombie":5,"minecraft:chicken":1,"minecraft:glow_squid":1},"minecraft:mined":{"minecraft:spruce_planks":3,"minecraft:white_bed":1,"minecraft:red_bed":1,"minecraft:brewing_stand":1,"minecraft:crafting_table":2,"minecraft:ladder":3,"minecraft:blast_furnace":1,"minecraft:grass_block":2,"minecraft:chest":1,"minecraft:copper_ore":1,"minecraft:cobblestone":2,"minecraft:spruce_leaves":7,"minecraft:lapis_ore":1,"minecraft:oak_wall_sign":1,"minecraft:spruce_stairs":2,"minecraft:iron_ore":39,"minecraft:sweet_berry_bush":20,"minecraft:white_carpet":5,"minecraft:spruce_log":21,"minecraft:andesite":3,"minecraft:light_gray_wool":2,"minecraft:grass":4,"minecraft:coal_ore":15,"minecraft:oak_log":2,"minecraft:deepslate_iron_ore":1,"minecraft:iron_bars":2,"minecraft:dirt":5,"minecraft:cobweb":1,"minecraft:stone":19,"minecraft:white_wool":7,"minecraft:spruce_slab":1,"minecraft:fern":3},"minecraft:custom":{"minecraft:interact_with_furnace":11,"minecraft:mob_kills":28,"minecraft:interact_with_crafting_table":11,"minecraft:leave_game":1,"minecraft:time_since_death":26377,"minecraft:climb_one_cm":5517,"minecraft:time_since_rest":26547,"minecraft:sprint_one_cm":152682,"minecraft:damage_taken":485,"minecraft:walk_one_cm":126167,"minecraft:damage_blocked_by_shield":870,"minecraft:drop":2,"minecraft:damage_dealt":3960,"minecraft:swim_one_cm":5417,"minecraft:fly_one_cm":231034,"minecraft:open_chest":4,"minecraft:crouch_one_cm":1171,"minecraft:play_time":50835,"minecraft:deaths":1,"minecraft:sneak_time":991,"minecraft:walk_under_water_one_cm":7372,"minecraft:jump":1111,"minecraft:walk_on_water_one_cm":13759,"minecraft:total_world_time":50835,"minecraft:fall_one_cm":28215},"minecraft:killed_by":{"minecraft:iron_golem":1},"minecraft:dropped":{"minecraft:stone_sword":1,"minecraft:iron_bars":2}},"DataVersion":3465}