{"stats":{"minecraft:picked_up":{"minecraft:birch_log":6,"minecraft:crafting_table":1,"minecraft:stick":2,"minecraft:raw_iron":20,"minecraft:azure_bluet":1,"minecraft:andesite":38,"minecraft:torch":1,"minecraft:gravel":44,"minecraft:flint":3,"minecraft:oak_log":27,"minecraft:diorite":27,"minecraft:spruce_log":24,"minecraft:lapis_lazuli":22,"minecraft:dirt":23,"minecraft:raw_copper":16,"minecraft:apple":12,"minecraft:cobbled_deepslate":73,"minecraft:golden_apple":1,"minecraft:oak_sapling":3,"minecraft:coal":45,"minecraft:cobblestone":192,"minecraft:furnace":1},"minecraft:crafted":{"minecraft:oak_planks":44,"minecraft:wooden_shovel":2,"minecraft:charcoal":15,"minecraft:shield":1,"minecraft:crafting_table":3,"minecraft:spruce_planks":96,"minecraft:stick":20,"minecraft:iron_pickaxe":1,"minecraft:iron_ingot":8,"minecraft:stone_pickaxe":2,"minecraft:iron_sword":1,"minecraft:furnace":2,"minecraft:torch":32,"minecraft:air":0,"minecraft:flint_and_steel":1},"minecraft:used":{"minecraft:apple":1,"minecraft:stone_pickaxe":282,"minecraft:iron_pickaxe":111,"minecraft:iron_sword":1,"minecraft:wooden_shovel":71,"minecraft:torch":25,"minecraft:stone_axe":57,"minecraft:golden_apple":1,"minecraft:cobblestone":13,"minecraft:crafting_table":3,"minecraft:furnace":2},"minecraft:broken":{"minecraft:stone_pickaxe":2},"minecraft:mined":{"minecraft:furnace":1,"minecraft:iron_ore":20,"minecraft:birch_log":6,"minecraft:spruce_log":24,"minecraft:andesite":38,"minecraft:crafting_table":1,"minecraft:grass":1,"minecraft:coal_ore":25,"minecraft:grass_block":6,"minecraft:oak_log":27,"minecraft:gravel":49,"minecraft:dirt":17,"minecraft:copper_ore":4,"minecraft:spruce_leaves":2,"minecraft:lapis_ore":4,"minecraft:stone":192,"minecraft:wall_torch":1,"minecraft:diorite":31,"minecraft:oak_leaves":38,"minecraft:deepslate":78},"minecraft:custom":{"minecraft:time_since_rest":3992,"minecraft:interact_with_furnace":9,"minecraft:sprint_one_cm":67902,"minecraft:damage_taken":290,"minecraft:walk_one_cm":63984,"minecraft:damage_dealt":60,"minecraft:interact_with_crafting_table":12,"minecraft:fly_one_cm":98120,"minecraft:deaths":1,"minecraft:crouch_one_cm":1021,"minecraft:play_time":40385,"minecraft:sneak_time":905,"minecraft:jump":272,"minecraft:leave_game":1,"minecraft:time_since_death":3693,"minecraft:total_world_time":40385,"minecraft:fall_one_cm":3446},"minecraft:killed_by":{"minecraft:creeper":1}},"DataVersion":3465}