{"stats":{"minecraft:picked_up":{"minecraft:crafting_table":1,"minecraft:wheat":128,"minecraft:andesite":63,"minecraft:leather":4,"minecraft:oak_stairs":2,"minecraft:enchanted_book":1,"minecraft:oak_log":19,"minecraft:yellow_bed":1,"minecraft:string":13,"minecraft:dirt":29,"minecraft:apple":4,"minecraft:beef":8,"minecraft:sugar_cane":4,"minecraft:chest":1,"minecraft:oak_planks":70,"minecraft:stick":2,"minecraft:raw_iron":19,"minecraft:oak_fence":2,"minecraft:torch":12,"minecraft:pointed_dripstone":1,"minecraft:diorite":17,"minecraft:white_bed":2,"minecraft:mossy_cobblestone":2,"minecraft:hay_block":18,"minecraft:granite":23,"minecraft:golden_apple":3,"minecraft:oak_sapling":2,"minecraft:coal":47,"minecraft:cobblestone":275},"minecraft:crafted":{"minecraft:cooked_beef":4,"minecraft:oak_planks":76,"minecraft:crafting_table":1,"minecraft:furnace":1,"minecraft:stick":44,"minecraft:iron_ingot":6,"minecraft:iron_pickaxe":1,"minecraft:stone_pickaxe":12,"minecraft:chest":1,"minecraft:torch":56,"minecraft:wheat":162},"minecraft:used":{"minecraft:oak_fence":2,"minecraft:diorite":17,"minecraft:stone_sword":14,"minecraft:stone_pickaxe":465,"minecraft:chest":2,"minecraft:sugar_cane":4,"minecraft:torch":14,"minecraft:golden_apple":1,"minecraft:mossy_cobblestone":2,"minecraft:dirt":15,"minecraft:crafting_table":2,"minecraft:white_bed":2,"minecraft:granite":13,"minecraft:oak_stairs":2,"minecraft:string":1,"minecraft:stone_axe":56,"minecraft:cobblestone":93,"minecraft:oak_sapling":2,"minecraft:furnace":1,"minecraft:andesite":40,"minecraft:yellow_bed":1,"minecraft:cooked_beef":1},"minecraft:broken":{"minecraft:stone_pickaxe":3},"minecraft:killed":{"minecraft:zombie_villager":1,"minecraft:cow":2},"minecraft:mined":{"minecraft:white_bed":2,"minecraft:mossy_cobblestone":2,"minecraft:brown_stained_glass_pane":2,"minecraft:oak_fence":2,"minecraft:crafting_table":1,"minecraft:torch":3,"minecraft:granite":23,"minecraft:grass_block":4,"minecraft:chest":1,"minecraft:cobblestone":24,"minecraft:oak_planks":4,"minecraft:sugar_cane":1,"minecraft:diorite":17,"minecraft:wall_torch":8,"minecraft:spawner":1,"minecraft:hay_block":18,"minecraft:iron_ore":19,"minecraft:andesite":63,"minecraft:yellow_bed":1,"minecraft:grass":5,"minecraft:oak_log":19,"minecraft:coal_ore":47,"minecraft:oak_stairs":2,"minecraft:dirt":25,"minecraft:cobweb":10,"minecraft:stone":254,"minecraft:oak_leaves":1,"minecraft:tripwire":1},"minecraft:custom":{"minecraft:interact_with_furnace":8,"minecraft:mob_kills":4,"minecraft:interact_with_crafting_table":8,"minecraft:leave_game":1,"minecraft:time_since_death":41303,"minecraft:time_since_rest":41303,"minecraft:sprint_one_cm":46136,"minecraft:damage_taken":45,"minecraft:walk_one_cm":81976,"minecraft:drop":117,"minecraft:damage_dealt":299,"minecraft:swim_one_cm":1085,"minecraft:fly_one_cm":111267,"minecraft:open_chest":17,"minecraft:play_time":41303,"minecraft:sneak_time":32,"minecraft:walk_under_water_one_cm":1956,"minecraft:jump":578,"minecraft:walk_on_water_one_cm":1768,"minecraft:total_world_time":41303,"minecraft:fall_one_cm":6530},"minecraft:dropped":{"minecraft:cobblestone":84,"minecraft:granite":10,"minecraft:andesite":23}},"DataVersion":3465}